{
    "home_position": [
        89.70600128173828,
        -22.31599998474121,
        10.90999984741211,
        -83.5530014038086,
        -2.2090001106262207,
        -70.11399841308594
    ],
    "joint_ranges": {
        "joint_1": {
            "min": -9.496999740600586,
            "max": 131.8070068359375,
            "center": 89.70600128173828,
            "so101_name": "shoulder_pan",
            "realman_idx": 0
        },
        "joint_2": {
            "min": -75.3219985961914,
            "max": 78.71499633789062,
            "center": -22.31599998474121,
            "so101_name": "shoulder_lift",
            "realman_idx": 1
        },
        "joint_3": {
            "min": -77.02200317382812,
            "max": 73.68599700927734,
            "center": 10.90999984741211,
            "so101_name": "elbow_flex",
            "realman_idx": 2
        },
        "joint_5": {
            "min": -98.69100189208984,
            "max": 69.4260025024414,
            "center": -2.2090001106262207,
            "so101_name": "wrist_flex",
            "realman_idx": 4
        },
        "joint_6": {
            "min": -198.46600341796875,
            "max": 11.604000091552734,
            "center": -70.11399841308594,
            "so101_name": "wrist_roll",
            "realman_idx": 5
        }
    }
}