{
    "home_position": [
        -2.2939999103546143,
        0.4429999887943268,
        -89.0780029296875,
        -1.2309999465942383,
        -2.9769999980926514,
        -143.33999633789062
    ],
    "center_ee_pose": [
        -0.014251,
        -0.497453,
        -0.351606,
        -3.091,
        0.0,
        0.951
    ],
    "joint_ranges": {
        "joint_1": {
            "min": -92.79100036621094,
            "max": 93.02999877929688,
            "center": -2.2939999103546143,
            "so101_name": "shoulder_pan",
            "realman_idx": 0
        },
        "joint_2": {
            "min": -95.21399688720703,
            "max": 100.50900268554688,
            "center": 0.4429999887943268,
            "so101_name": "shoulder_lift",
            "realman_idx": 1
        },
        "joint_3": {
            "min": -115.11299896240234,
            "max": 0.5540000200271606,
            "center": -89.0780029296875,
            "so101_name": "elbow_flex",
            "realman_idx": 2
        },
        "joint_5": {
            "min": -94.35800170898438,
            "max": 102.33699798583984,
            "center": -2.9769999980926514,
            "so101_name": "wrist_flex",
            "realman_idx": 4
        },
        "joint_6": {
            "min": -294.2300109863281,
            "max": 27.900999069213867,
            "center": -143.33999633789062,
            "so101_name": "wrist_roll",
            "realman_idx": 5
        }
    },
    "min_z_position": -0.339988
}