{
    "home_position": [
        -2.6610000133514404,
        4.955999851226807,
        -95.62699890136719,
        -5.304999828338623,
        -3.0950000286102295,
        47.31100082397461
    ],
    "joint_ranges": {
        "joint_1": {
            "min": -152.39599609375,
            "max": 155.07400512695312,
            "center": -2.6610000133514404,
            "so101_name": "shoulder_pan",
            "realman_idx": 0
        },
        "joint_2": {
            "min": -104.32599639892578,
            "max": 108.8290023803711,
            "center": 4.955999851226807,
            "so101_name": "shoulder_lift",
            "realman_idx": 1
        },
        "joint_3": {
            "min": -113.43299865722656,
            "max": 114.41799926757812,
            "center": -95.62699890136719,
            "so101_name": "elbow_flex",
            "realman_idx": 2
        },
        "joint_5": {
            "min": -110.27999877929688,
            "max": 110.46700286865234,
            "center": -3.0950000286102295,
            "so101_name": "wrist_flex",
            "realman_idx": 4
        },
        "joint_6": {
            "min": -150.3979949951172,
            "max": 33.63999938964844,
            "center": 47.31100082397461,
            "so101_name": "wrist_roll",
            "realman_idx": 5
        }
    }
}